{"UiPath.Mail.Activities.Business.ExchangeApplicationCard":{"ActivityType":"UiPath.Mail.Activities.Business.ExchangeApplicationCard","BindingType":"Connection","PropertiesMetadata":[{"ContractName":"ConnectionId","PropertyName":"ConnectionId"},{"ContractName":"ConnectionName","PropertyName":"ConnectionAccountName"},{"ContractName":"Connector","PropertyName":"Connector"},{"ContractName":"UseConnectionService","PropertyName":"UseConnectionService"}]},"UiPath.Mail.Activities.Business.GmailApplicationCard":{"ActivityType":"UiPath.Mail.Activities.Business.GmailApplicationCard","BindingType":"Connection","PropertiesMetadata":[{"ContractName":"ConnectionId","PropertyName":"ConnectionId"},{"ContractName":"ConnectionName","PropertyName":"ConnectionAccountName"},{"ContractName":"Connector","PropertyName":"Connector"},{"ContractName":"UseConnectionService","PropertyName":"UseConnectionService"}]},"UiPath.Persistence.Activities.FormTask.CreateFormTask":{"ActivityType":"UiPath.Persistence.Activities.FormTask.CreateFormTask","BindingType":"taskcatalog","PropertiesMetadata":[{"ContractName":"name","PropertyName":"TaskCatalog"},{"ContractName":"folderPath","PropertyName":"FolderPath"}]}}